Index,Cluster,Q1 (Da),Q3 (Da),Rt (min),Molecular Weight (Da),Ionization model,KEGG ID,Compound name,Class,R30,S30,L30,F30,R45,S45,L45,F45,R85,S85,L85,10DPA,20DPA,IMG,MG,Br,Br3,Br7,Br10,Br15
pmf0506,2.0,1229.0,430.2,3.13,1228.0,[M+H]+,-,Caffeoyl hydroxy tomatidine-tri-O-hexosyl-O-pentoside,Alkaloids,0.1423841059602649,0.0,0.0,0.0,0.0,0.0,0.0,0.049668874172185434,0.15894039735099338,0.0,0.06291390728476821,0.0,0.05298013245033112,0.04304635761589404,0.04635761589403985,0.09271523178807947,0.5231788079470199,0.7947019867549664,0.7317880794701986,0.8940397350993378
pme0500,0.0,503.44199999999995,323.0,0.8,504.16900000000004,[M-H]-,-,D(+)-Melezitose,Carbohydrates,0.0,0.15894039735099338,0.16556291390728473,0.271523178807947,0.24503311258278146,0.2549668874172185,0.2152317880794702,0.30463576158940403,0.26158940397350994,0.2947019867549669,0.4933774834437086,0.2913907284768212,0.2218543046357616,0.18543046357615892,0.16225165562913907,0.12251655629139073,0.0728476821192053,0.09933774834437084,0.08609271523178806,0.1059602649006622
pmf0458,2.0,551.0,303.0,4.58,550.0,[M+H]+,-,Quercetin O-malonylhexoside,Flavonoids,0.2549668874172185,0.4536423841059602,0.2086092715231788,0.3112582781456953,0.22847682119205295,0.4370860927152318,0.2384105960264901,0.5,0.271523178807947,0.456953642384106,0.24834437086092714,0.1423841059602649,0.1291390728476821,0.16887417218543047,0.2052980132450331,0.16225165562913907,0.5827814569536424,0.7218543046357615,0.7748344370860927,0.8211920529801324
pmb3066,0.0,481.1,319.2,2.5,482.1,[M-H]-,-,5-O-p-Coumaroyl shikimic acid O-hexoside,Hydroxycinnamoyl and derivatives,0.2218543046357616,0.3443708609271523,0.2251655629139073,0.17549668874172186,0.1655629139072847,0.2947019867549669,0.26490066225165565,0.1357615894039735,0.2317880794701987,0.27483443708609273,0.2913907284768212,0.09602649006622516,0.10264900662251657,0.1456953642384106,0.09271523178807947,0.07947019867549669,0.06622516556291391,0.06291390728476821,0.039735099337748346,0.0728476821192053
